{"cameraMode":{"drawMode":0,"name":"Shaded","section":"Shading Mode"},"sceneLighting":true,"audioPlay":false,"sceneViewState":{"m_AlwaysRefresh":false,"showFog":true,"showSkybox":true,"showFlares":true,"showImageEffects":true,"showParticleSystems":true,"showVisualEffectGraphs":true,"m_FxEnabled":true},"in2DMode":false,"pivot":{"x":40.720706939697269,"y":8.050491333007813,"z":66.82745361328125},"rotation":{"x":0.39485445618629458,"y":-0.060371991246938708,"z":0.025955194607377054,"w":0.9164535403251648},"size":0.2555384039878845,"orthographic":false}